{
  "r2": 0.6336669251268534,
  "mae": 701.7368284063342,
  "rmse": 3991.248477694874,
  "n_train": 4207,
  "n_test": 1052
}